epoch,loss,accuracy,precision,recall,f1
30,0.355170,0.991140,0.872505,0.999975,0.931901
