epoch,loss,accuracy,precision,recall,f1
30,0.400281,0.987664,0.830111,0.999956,0.907152
